Date,AAPL,MSFT,GOOGL,GOOG,AMZN,META,TSLA,NVDA,ORCL,INTC,CRM,ADBE,CSCO,AMD,IBM
2024-04-01,169.23092651367188,421.3531188964844,154.75015258789062,155.7622528076172,180.97000122070312,489.5639953613281,175.22000122070312,90.33331298828125,123.69493103027344,44.060401916503906,300.5016174316406,502.0899963378906,48.18735122680664,183.33999633789062,183.65382385253906
2024-04-02,168.04649353027344,418.246826171875,153.8245849609375,155.1352081298828,180.69000244140625,495.5621337890625,166.6300048828125,89.42261505126953,122.57113647460938,43.48638916015625,302.2314758300781,499.2099914550781,47.532527923583984,178.6999969482422,182.73472595214844
2024-04-03,168.85269165039062,417.26434326171875,154.18284606933594,155.63284301757812,182.41000366210938,504.8980712890625,168.3800048828125,88.93477630615234,124.44412231445312,39.913658142089844,302.9671325683594,497.010009765625,47.31894302368164,180.77000427246094,184.6890106201172
2024-04-04,168.026611328125,414.71380615234375,149.81375122070312,151.22373962402344,180.0,509.0628967285156,171.11000061035156,85.87677764892578,122.42327880859375,39.31985092163086,292.4288330078125,487.1099853515625,46.707313537597656,165.8300018310547,181.82530212402344
2024-04-05,168.7830352783203,422.2958984375,151.7743682861328,153.2143096923828,185.07000732421875,525.4232177734375,164.89999389648438,87.97909545898438,123.12317657470703,38.31037902832031,300.1536560058594,485.1199951171875,47.13447952270508,170.4199981689453,182.98626708984375
2024-04-08,167.65834045410156,421.3729553222656,154.11318969726562,155.4039306640625,185.19000244140625,517.3626098632812,172.97999572753906,87.10437774658203,122.58100128173828,37.58791732788086,299.97467041015625,484.2799987792969,46.833526611328125,169.89999389648438,183.64414978027344
2024-04-09,168.8726043701172,423.0501708984375,155.85487365722656,157.39451599121094,185.6699981689453,515.0211791992188,176.8800048828125,85.3259506225586,121.86895751953125,37.93430709838867,300.6109313964844,492.54998779296875,48.551910400390625,170.77999877929688,183.15072631835938
2024-04-10,166.99147033691406,420.05303955078125,155.39706420898438,156.91676330566406,185.9499969482422,517.9405517578125,171.75999450683594,87.01040649414062,120.4052963256836,36.81596755981445,297.876953125,487.2200012207031,47.775238037109375,167.13999938964844,179.9871063232422
2024-04-11,174.2173614501953,424.6876525878906,158.6514892578125,160.0320281982422,189.0500030517578,521.2584228515625,174.60000610351562,90.58623504638672,121.87884521484375,37.24153137207031,297.4096984863281,484.2799987792969,48.085906982421875,170.5,179.8516845703125
2024-04-12,175.72027587890625,418.7033386230469,156.9794921875,158.43955993652344,186.1300048828125,510.0393371582031,171.0500030517578,88.15703582763672,119.77236938476562,35.321556091308594,292.6078186035156,474.0899963378906,47.07623291015625,163.27999877929688,176.33978271484375
2024-04-15,171.87841796875,410.5059509277344,154.12315368652344,155.59304809570312,183.6199951171875,498.4117736816406,161.47999572753906,85.97274017333984,118.55595397949219,35.935157775878906,271.3123779296875,470.1000061035156,46.833526611328125,160.32000732421875,175.3529815673828
2024-04-16,168.583984375,411.43878173828125,153.6653289794922,155.2646026611328,183.32000732421875,497.9434509277344,157.11000061035156,87.38628387451172,119.28778076171875,35.88566970825195,275.796142578125,476.2200012207031,46.52284622192383,163.4600067138672,177.77162170410156
2024-04-17,167.21046447753906,408.7195739746094,154.73025512695312,156.14044189453125,181.27999877929688,492.3737487792969,155.4499969482422,84.00739288330078,117.35931396484375,35.31166076660156,274.7125244140625,474.45001220703125,46.39664077758789,154.02000427246094,177.1427764892578
2024-04-18,166.25497436523438,401.2069091796875,155.26766967773438,156.71771240234375,179.22000122070312,499.97601318359375,149.92999267578125,84.64318084716797,114.71881103515625,34.67826843261719,270.338134765625,473.17999267578125,46.707313537597656,155.0800018310547,175.56581115722656
2024-04-19,164.22454833984375,396.095947265625,153.35679626464844,154.98593139648438,174.6300048828125,479.3213806152344,147.0500030517578,76.17497253417969,113.61117553710938,33.84694290161133,268.797119140625,465.0199890136719,46.91118621826172,146.63999938964844,175.67222595214844
2024-04-22,165.06060791015625,397.9220275878906,155.53639221191406,157.2053985595703,177.22999572753906,479.9789733886719,142.0500030517578,79.49188232421875,113.26504516601562,34.054771423339844,272.2170715332031,466.8900146484375,46.73643493652344,148.63999938964844,175.9818115234375
2024-04-23,166.11563110351562,404.48193359375,157.5069580078125,159.16610717773438,179.5399932861328,494.2967529296875,144.67999267578125,82.39592742919922,113.81884765625,33.92611312866211,275.07037353515625,472.8999938964844,46.91118621826172,152.27000427246094,176.26239013671875
2024-04-24,168.2256622314453,405.96063232421875,158.37283325195312,160.34056091308594,176.58999633789062,491.7062072753906,162.1300048828125,79.65082550048828,114.06609344482422,34.14384078979492,274.583251953125,477.1199951171875,46.94031524658203,151.74000549316406,178.11024475097656
2024-04-25,169.09158325195312,396.0165710449219,155.25772094726562,157.2053985595703,173.6699981689453,439.775634765625,170.17999267578125,82.6048583984375,113.62106323242188,34.74754333496094,271.5509948730469,473.44000244140625,46.697601318359375,153.75999450683594,163.41445922851562
2024-04-26,168.5043487548828,403.2414245605469,171.1318359375,172.8712158203125,179.6199951171875,441.6787414550781,168.2899932861328,87.70619201660156,115.91544342041016,31.55088996887207,272.6943664550781,477.55999755859375,46.464599609375,157.39999389648438,161.69236755371094
2024-04-29,172.6846160888672,399.20220947265625,165.35940551757812,167.10848999023438,180.9600067138672,431.0474548339844,194.0500030517578,87.72816467285156,115.2033920288086,31.036256790161133,274.1358337402344,473.07000732421875,46.386932373046875,160.1999969482422,161.9825897216797
2024-04-30,169.52951049804688,386.380126953125,162.00546264648438,163.86386108398438,175.0,428.6064147949219,183.27999877929688,86.37362670898438,112.49365234375,30.155445098876953,267.3754577636719,462.8299865722656,45.61025619506836,158.3800048828125,160.79263305664062
2024-05-01,168.5043487548828,391.9476318359375,163.080322265625,164.78948974609375,179.0,437.5936279296875,179.99000549316406,83.01371765136719,113.36394500732422,30.05647850036621,267.12689208984375,469.3900146484375,45.47433853149414,144.27000427246094,159.08021545410156
2024-05-02,172.21681213378906,394.8256530761719,165.82717895507812,167.66587829589844,184.72000122070312,440.07452392578125,180.00999450683594,85.78881072998047,113.69029235839844,30.195032119750977,270.5469055175781,476.57000732421875,45.4257926940918,146.16000366210938,159.33175659179688
2024-05-03,182.51817321777344,403.5788269042969,166.4442596435547,168.193359375,186.2100067138672,450.3171691894531,181.19000244140625,88.75983428955078,114.52102661132812,30.58100700378418,272.0679931640625,486.17999267578125,45.746177673339844,150.60000610351562,160.3185577392578
2024-05-06,180.8560333251953,410.40667724609375,167.30014038085938,169.02940368652344,188.6999969482422,463.9873352050781,184.75999450683594,92.10972595214844,117.03296661376953,30.774776458740234,274.02655029296875,493.5899963378906,45.73646545410156,155.77999877929688,163.1242218017578
2024-05-07,181.54278564453125,406.2384948730469,170.43515014648438,172.16455078125,188.75999450683594,466.53802490234375,177.80999755859375,90.52425384521484,116.62749481201172,30.486604690551758,275.5675048828125,492.2699890136719,45.90150833129883,154.42999267578125,162.9016876220703
2024-05-08,181.8811798095703,407.4294128417969,168.5740509033203,170.35311889648438,188.0,470.8821716308594,174.72000122070312,90.3823013305664,116.09345245361328,29.81089210510254,277.3470764160156,488.1000061035156,46.60051727294922,153.6199951171875,164.3722381591797
2024-05-09,183.70260620117188,409.1959533691406,169.15130615234375,170.77114868164062,189.5,473.69189453125,171.97000122070312,88.71784973144531,115.35174560546875,29.90032386779785,273.5692443847656,482.6499938964844,46.39664077758789,152.38999938964844,162.4571990966797
2024-05-10,182.4368438720703,411.5976257324219,167.84751892089844,169.4872283935547,187.47999572753906,474.4690856933594,168.47000122070312,89.84847259521484,115.38141632080078,29.66183853149414,275.06048583984375,482.2900085449219,46.65876770019531,151.9199981689453,163.31700134277344
2024-05-13,185.65602111816406,410.5853576660156,168.33518981933594,170.0943603515625,186.57000732421875,466.3088684082031,171.88999938964844,90.36930847167969,115.08472442626953,30.317676544189453,275.905517578125,483.1099853515625,47.26068878173828,150.55999755859375,163.7176055908203
2024-05-14,186.8021697998047,413.40380859375,169.52947998046875,171.11949157714844,187.07000732421875,470.1348571777344,177.5500030517578,91.32599639892578,119.53502655029297,30.854272842407227,275.189697265625,475.95001220703125,47.52281951904297,153.16000366210938,163.52218627929688
2024-05-15,189.0845184326172,420.6317443847656,171.68914794921875,173.060302734375,185.99000549316406,479.7896728515625,173.99000549316406,94.5988998413086,120.28662109375,31.072887420654297,285.86724853515625,485.3500061035156,48.221824645996094,159.6699981689453,164.40155029296875
2024-05-16,189.2041015625,418.5538330078125,173.3511962890625,174.60299682617188,183.6300048828125,471.5098571777344,174.83999633789062,94.3280029296875,120.8107681274414,31.828094482421875,283.02386474609375,482.8800048828125,46.930606842041016,162.6199951171875,165.0952606201172
2024-05-17,189.23399353027344,417.7783203125,175.2222900390625,176.45423889160156,184.6999969482422,470.1946716308594,177.4600067138672,92.4486083984375,122.13597106933594,31.629356384277344,283.9484558105469,483.42999267578125,46.765560150146484,164.47000122070312,165.1538848876953
2024-05-20,190.40008544921875,422.878662109375,176.0781707763672,177.6187286376953,183.5399932861328,467.1358337402344,174.9499969482422,94.74887084960938,123.14469909667969,31.897653579711914,285.3999938964844,484.69000244140625,45.755882263183594,166.3300018310547,166.0234832763672
2024-05-21,191.70570373535156,426.5572509765625,177.00376892089844,178.693603515625,183.14999389648438,462.9411315917969,186.60000610351562,95.35466766357422,123.25348663330078,31.5399227142334,282.1092224121094,481.8500061035156,45.57141876220703,164.66000366210938,169.49208068847656
2024-05-22,190.2605438232422,428.0286865234375,175.540771484375,177.160888671875,183.1300048828125,466.07965087890625,180.11000061035156,94.91880798339844,123.22382354736328,31.221940994262695,282.16888427734375,483.92999267578125,46.04713821411133,165.52000427246094,169.70703125
2024-05-23,186.25401306152344,424.5290832519531,172.72422790527344,174.2347412109375,181.0500030517578,464.08697509765625,173.74000549316406,103.7649154663086,122.7194595336914,29.8903865814209,276.9494323730469,483.30999755859375,45.2413330078125,160.42999267578125,166.7562713623047
2024-05-24,189.3436279296875,427.6707763671875,174.15736389160156,175.49876403808594,180.75,476.4817199707031,179.24000549316406,106.43402862548828,121.552490234375,30.526351928710938,270.7059631347656,475.42999267578125,45.06658172607422,166.36000061035156,166.9712371826172
2024-05-28,189.3535919189453,427.8298645019531,175.56063842773438,177.18080139160156,182.14999389648438,478.1755676269531,176.75,113.86357879638672,123.11502838134766,30.86421012878418,268.26025390625,478.42999267578125,44.9306640625,171.61000061035156,165.76943969726562
2024-05-29,189.652587890625,426.6865234375,175.06304931640625,176.56370544433594,182.02000427246094,472.6357421875,176.19000244140625,114.78727722167969,122.37332916259766,29.94007110595703,270.0398254394531,477.6000061035156,44.73649978637695,165.13999938964844,163.2192840576172
2024-05-30,190.6492462158203,412.2704162597656,171.29107666015625,172.7418212890625,179.32000732421875,465.3523254394531,178.7899932861328,110.46369171142578,115.79676055908203,29.99969482421875,216.74172973632812,445.8699951171875,44.77532958984375,166.75,161.8318634033203
2024-05-31,191.60601806640625,412.7277526855469,171.67919921875,173.13992309570312,176.44000244140625,465.13311767578125,178.0800018310547,109.59699249267578,115.89566802978516,30.655534744262695,233.07615661621094,444.760009765625,45.144248962402344,166.89999389648438,163.02389526367188
2024-06-03,193.38006591796875,411.1270446777344,172.3460235595703,173.59776306152344,178.33999633789062,475.7543640136719,176.2899932861328,114.96221923828125,117.96257781982422,30.099063873291016,235.2434539794922,439.0199890136719,45.28987503051758,163.5500030517578,161.48988342285156
2024-06-04,193.69900512695312,413.6623229980469,172.96307373046875,174.30441284179688,179.33999633789062,475.2561950683594,174.77000427246094,116.39875030517578,118.74385070800781,29.8407039642334,233.49368286132812,448.3699951171875,46.03742599487305,159.99000549316406,162.00772094726562
2024-06-05,195.21389770507812,421.5563659667969,174.5753631591797,176.2352752685547,181.27999877929688,493.2605285644531,175.0,122.3997802734375,121.27557373046875,30.585975646972656,235.15399169921875,455.79998779296875,44.678245544433594,166.1699981689453,163.541748046875
2024-06-06,193.82855224609375,422.0633850097656,175.88906860351562,177.50924682617188,185.0,491.96527099609375,177.94000244140625,120.958251953125,122.13597106933594,30.22824478149414,241.34771728515625,458.1300048828125,44.88212203979492,166.77999877929688,164.34292602539062
2024-06-07,196.23046875,421.3973083496094,173.62986755371094,175.12054443359375,184.3000030517578,491.16815185546875,177.47999572753906,120.8482894897461,124.52924346923828,30.546226501464844,240.4430389404297,465.42999267578125,44.50349807739258,167.8699951171875,166.11141967773438
2024-06-10,192.47311401367188,425.39404296875,174.37716674804688,175.99740600585938,187.05999755859375,500.77313232421875,173.7899932861328,121.74999237060547,123.12493133544922,30.71515464782715,240.43309020996094,459.94000244140625,44.51320266723633,160.33999633789062,166.4729461669922
2024-06-11,206.4561004638672,430.1761779785156,175.98135375976562,177.5518035888672,187.22999572753906,505.6254577636719,170.66000366210938,120.88021850585938,122.51177215576172,30.7250919342041,239.58802795410156,462.69000244140625,44.43553924560547,158.9600067138672,165.437255859375
2024-06-12,212.35629272460938,438.5076904296875,177.14710998535156,178.91690063476562,186.88999938964844,506.99041748046875,177.2899932861328,125.16915130615234,138.82955932617188,30.56610107421875,234.42822265625,459.8699951171875,44.28990936279297,160.24000549316406,165.1245880126953
2024-06-13,213.5223846435547,439.0246887207031,174.52664184570312,176.10699462890625,183.8300018310547,502.2676696777344,182.47000122070312,129.5780792236328,138.30538940429688,30.26799201965332,227.69761657714844,458.739990234375,44.19282150268555,159.89999389648438,165.2418212890625
2024-06-14,211.7782440185547,440.00897216796875,176.15072631835938,177.73117065429688,183.66000366210938,502.8262023925781,178.00999450683594,131.84750366210938,136.60438537597656,30.258056640625,230.5906982421875,525.3099975585938,44.3481559753418,159.6300048828125,165.32977294921875
2024-06-17,215.94422912597656,445.775390625,176.59910583496094,178.1396942138672,184.05999755859375,505.2896728515625,187.44000244140625,130.94773864746094,139.749267578125,30.784713745117188,229.13917541503906,518.739990234375,44.35786819458008,158.39999389648438,165.6131134033203
2024-06-18,213.5721893310547,443.75714111328125,174.45687866210938,175.8180389404297,182.80999755859375,498.16851806640625,184.86000061035156,135.54660034179688,143.04249572753906,30.436920166015625,230.46144104003906,522.25,44.62970733642578,154.6300048828125,166.6390380859375
2024-06-20,208.97764587402344,443.1208801269531,175.6625213623047,177.07354736328125,186.10000610351562,500.3727111816406,181.57000732421875,130.74777221679688,141.33160400390625,30.426984786987305,240.39332580566406,522.9500122070312,45.35783386230469,161.77999877929688,169.9317626953125
2024-06-21,206.79498291015625,447.17724609375,178.98046875,179.61439514160156,189.0800018310547,493.47100830078125,183.00999450683594,126.53881072998047,139.9371795654297,30.894020080566406,243.63436889648438,533.4400024414062,45.91122055053711,161.22999572753906,168.5052490234375
2024-06-24,207.4427947998047,445.0794677734375,178.5719451904297,180.14248657226562,185.57000732421875,497.590087890625,182.5800018310547,118.08089447021484,138.34495544433594,30.37729835510254,238.54415893554688,524.1699829101562,45.90150833129883,160.25,170.99676513671875
2024-06-25,208.36968994140625,448.3404541015625,183.3645477294922,184.91534423828125,186.33999633789062,509.2491760253906,187.35000610351562,126.05892944335938,137.63290405273438,30.546226501464844,240.3535614013672,526.8800048828125,45.99859619140625,160.25,168.6420440673828
2024-06-26,212.5356903076172,449.54345703125,183.21510314941406,184.70606994628906,193.61000061035156,511.762451171875,196.3699951171875,126.36885070800781,136.70327758789062,30.347488403320312,241.73545837402344,528.6599731445312,45.493751525878906,157.5399932861328,167.92877197265625
2024-06-27,213.38284301757812,450.2294921875,184.7395782470703,186.1907501220703,197.85000610351562,518.1854248046875,197.4199981689453,123.95944213867188,138.63174438476562,30.397172927856445,251.37905883789062,546.760009765625,46.06655502319336,159.47000122070312,166.93215942382812
2024-06-28,209.9144744873047,444.3636169433594,181.49134826660156,182.76307678222656,193.25,502.8860168457031,197.8800048828125,123.50955963134766,139.64048767089844,30.774776458740234,255.6042938232422,555.5399780273438,46.12480163574219,162.2100067138672,168.9840087890625
2024-07-01,216.02395629882812,454.0870361328125,182.32830810546875,183.82923889160156,197.1999969482422,503.34478759765625,209.86000061035156,124.26937866210938,141.5095977783203,30.645597457885742,254.71946716308594,560.010009765625,46.13451385498047,157.69000244140625,171.08470153808594
2024-07-02,219.53216552734375,456.62225341796875,184.5701904296875,185.941650390625,200.0,508.1520690917969,231.25999450683594,122.6397705078125,141.69749450683594,30.874147415161133,254.69961547851562,567.7100219726562,45.90150833129883,164.30999755859375,173.2342529296875
2024-07-03,220.80787658691406,458.1036376953125,185.14808654785156,186.71885681152344,197.58999633789062,508.61083984375,246.38999938964844,128.24839782714844,142.7853546142578,31.033138275146484,259.43194580078125,570.1500244140625,45.71704864501953,163.89999389648438,171.70025634765625
2024-07-05,225.5818328857422,464.8543395996094,189.9108123779297,191.27249145507812,200.0,538.4815063476562,251.52000427246094,125.79900360107422,143.2303924560547,31.818159103393555,261.65887451171875,578.3400268554688,45.67788314819336,171.89999389648438,171.9835968017578
2024-07-08,227.056884765625,463.5419921875,188.3464813232422,189.79779052734375,199.2899932861328,527.9196166992188,252.94000244140625,128.16839599609375,143.4281768798828,33.77574157714844,255.87274169921875,575.4000244140625,45.10017776489258,178.69000244140625,173.5664520263672
2024-07-09,227.9139862060547,456.8807678222656,188.29664611816406,189.7579345703125,199.33999633789062,528.5978393554688,262.3299865722656,131.34764099121094,139.12623596191406,34.3719596862793,251.3521270751953,566.02001953125,44.8455924987793,177.10000610351562,172.4330596923828
2024-07-10,232.1995849609375,463.55194091796875,190.48870849609375,191.96998596191406,199.7899932861328,533.275390625,263.260009765625,134.87677001953125,140.50086975097656,34.65019226074219,251.51145935058594,564.5499877929688,45.30580139160156,183.9600067138672,173.76185607910156
2024-07-11,226.80772399902344,452.06878662109375,184.8990020751953,186.62918090820312,195.0500030517578,511.3436279296875,241.02999877929688,127.36860656738281,141.58187866210938,33.2888298034668,250.0477294921875,557.6300048828125,45.78559112548828,181.94000244140625,174.22108459472656
2024-07-12,229.76776123046875,450.9254150390625,184.40078735351562,186.1110382080078,194.49000549316406,497.5501708984375,248.22999572753906,129.20816040039062,143.5752716064453,34.27259063720703,252.88555908203125,559.0499877929688,46.392669677734375,181.61000061035156,178.637451171875
2024-07-15,233.61483764648438,451.3330383300781,185.85549926757812,187.5159912109375,192.72000122070312,494.84735107421875,252.63999938964844,128.40835571289062,141.88931274414062,34.242774963378906,251.78030395507812,565.7100219726562,46.412254333496094,179.8300018310547,178.686279296875
2024-07-16,234.03343200683594,446.9187316894531,183.2549591064453,184.8356170654297,193.02000427246094,488.4942321777344,256.55999755859375,126.32887268066406,141.43312072753906,34.12353515625,254.936767578125,566.5399780273438,46.43183517456055,177.5500030517578,181.54910278320312
2024-07-17,228.1133270263672,440.9534606933594,180.36544799804688,181.9659423828125,187.92999267578125,460.7677307128906,248.5,117.96092224121094,138.11074829101562,34.242774963378906,250.1472930908203,563.0900268554688,47.508914947509766,159.42999267578125,183.15150451660156
2024-07-18,223.42906188964844,437.82171630859375,177.04747009277344,178.578125,183.75,474.5910949707031,249.22999572753906,121.0601577758789,136.89089965820312,34.65019226074219,246.2938232421875,556.8499755859375,47.038917541503906,155.77000427246094,180.97264099121094
2024-07-19,223.55862426757812,434.5805358886719,177.01759338378906,178.74749755859375,183.1300048828125,475.52862548828125,239.1999969482422,117.90093994140625,137.41651916503906,32.7721061706543,246.57264709472656,551.0,46.333919525146484,151.5800018310547,179.0478057861328
2024-07-22,223.20982360839844,440.3768310546875,181.01309204101562,182.69332885742188,182.5500030517578,486.11053466796875,251.50999450683594,123.50955963134766,139.01324462890625,33.15964889526367,252.99508666992188,554.8200073242188,45.844337463378906,155.8699951171875,179.9271697998047
2024-07-23,224.25628662109375,442.2757873535156,181.1326446533203,182.9424285888672,186.41000366210938,487.3971252441406,246.3800048828125,122.5597915649414,141.92898559570312,32.7422981262207,254.96664428710938,546.010009765625,45.393924713134766,154.0,179.87832641601562
2024-07-24,217.80796813964844,426.4180603027344,172.0057830810547,173.7454833984375,180.8300018310547,460.0496520996094,215.99000549316406,114.22184753417969,137.62478637695312,31.50017547607422,248.71343994140625,531.0399780273438,45.873714447021484,144.6300048828125,179.80015563964844
2024-07-25,216.76148986816406,415.97882080078125,166.6751251220703,168.55413818359375,179.85000610351562,452.21044921875,220.25,112.25233459472656,136.68264770507812,30.90395736694336,255.42465209960938,532.1500244140625,46.25558853149414,138.32000732421875,187.57762145996094
2024-07-26,217.22991943359375,422.8090515136719,166.39613342285156,168.07586669921875,182.5,464.4679870605469,219.8000030517578,113.03214263916016,137.86280822753906,31.152381896972656,261.5882263183594,542.4400024414062,46.88225173950195,139.99000549316406,187.35287475585938
2024-07-29,217.50897216796875,424.2606506347656,168.91697692871094,170.51708984375,183.1999969482422,464.4779052734375,232.10000610351562,111.5625,137.16859436035156,30.63566017150879,257.48583984375,536.6099853515625,46.989959716796875,139.75,187.10861206054688
2024-07-30,218.0670928955078,420.4726867675781,169.6742401123047,171.24447631835938,181.7100067138672,461.964599609375,222.6199951171875,103.7044448852539,134.5503692626953,29.94007110595703,256.82867431640625,538.7100219726562,47.13683319091797,138.44000244140625,186.65916442871094
2024-07-31,221.3361053466797,415.92913818359375,170.91969299316406,172.52984619140625,186.97999572753906,473.57379150390625,232.07000732421875,116.99115753173828,138.29917907714844,30.546226501464844,257.6949157714844,551.6500244140625,47.44037628173828,144.47999572753906,187.73394775390625
2024-08-01,217.62855529785156,414.6962585449219,170.1425323486328,171.8323516845703,184.07000732421875,496.4231872558594,216.86000061035156,109.18309783935547,136.37518310546875,28.866878509521484,251.97943115234375,546.4099731445312,46.402462005615234,132.5399932861328,185.31082153320312
2024-08-02,219.12355041503906,406.1261901855469,166.05735778808594,167.79685974121094,167.89999389648438,486.84857177734375,207.6699981689453,107.24356842041016,132.18011474609375,21.3445987701416,242.9282684326172,526.1699829101562,45.68767166137695,132.5,184.78318786621094
2024-08-05,208.56903076171875,392.8633728027344,158.6741485595703,160.06466674804688,161.02000427246094,474.471435546875,198.8800048828125,100.42524719238281,126.8048324584961,19.983234405517578,237.98944091796875,509.32000732421875,43.80768585205078,134.82000732421875,179.10643005371094
2024-08-06,206.53585815429688,397.29754638671875,157.7176055908203,159.9650115966797,161.92999267578125,492.7828063964844,200.63999938964844,104.22430419921875,127.1519546508789,19.704999923706055,237.40194702148438,514.2000122070312,44.21893310546875,130.17999267578125,182.5164031982422
2024-08-07,209.11717224121094,396.1243591308594,158.36526489257812,160.1742706298828,162.77000427246094,487.6265563964844,191.75999450683594,98.88563537597656,124.86101531982422,18.989999771118164,239.01502990722656,513.6199951171875,44.17976379394531,128.6699981689453,182.5164031982422
2024-08-08,212.59548950195312,400.3597106933594,161.444091796875,163.25318908691406,165.8000030517578,508.28173828125,198.83999633789062,104.94413757324219,127.89575958251953,20.489999771118164,248.05625915527344,530.239990234375,44.87497329711914,136.32000732421875,188.19317626953125
2024-08-09,215.51568603515625,403.67047119140625,163.0781707763672,164.7976531982422,166.94000244140625,516.4002685546875,200.0,104.72418975830078,130.9701690673828,19.709999084472656,251.45172119140625,536.2999877929688,44.52246856689453,134.27000427246094,188.69583129882812
2024-08-12,217.0522918701172,404.4559020996094,161.70315551757812,163.36280822753906,166.8000030517578,514.5850219726562,197.49000549316406,108.99313354492188,131.4858856201172,19.360000610351562,250.23692321777344,530.9299926757812,43.92518615722656,136.77000427246094,186.75418090820312
2024-08-13,220.78407287597656,411.6142578125,163.56640625,165.335693359375,170.22999572753906,527.1417236328125,207.8300018310547,116.11138153076172,133.15200805664062,20.469999313354492,253.51287841796875,535.219970703125,44.424556732177734,141.1300048828125,188.24246215820312
2024-08-14,221.23309326171875,414.4477233886719,159.79010009765625,161.44967651367188,170.10000610351562,525.3663940429688,201.3800048828125,118.05091094970703,134.48097229003906,19.920000076293945,254.2298126220703,539.7899780273438,44.49309539794922,140.75,189.55332946777344
2024-08-15,224.22650146484375,419.34808349609375,160.7167510986328,162.58560180664062,177.58999633789062,535.9085083007812,214.13999938964844,122.82972717285156,135.7999725341797,20.690000534057617,261.66790771484375,554.1599731445312,47.51870346069336,147.36000061035156,191.1598663330078
2024-08-16,225.5535888671875,416.7983093261719,162.37074279785156,164.1499786376953,177.05999755859375,526.0245971679688,216.1199951171875,124.54930877685547,136.33554077148438,20.8700008392334,261.78741455078125,553.4600219726562,48.429325103759766,148.55999755859375,190.9923095703125
2024-08-19,225.39393615722656,419.8460998535156,166.06732177734375,167.79685974121094,178.22000122070312,527.8797607421875,222.72000122070312,129.96795654296875,136.7818145751953,21.520000457763672,264.2468566894531,563.1199951171875,48.93849182128906,155.27999877929688,191.92864990234375
2024-08-20,226.0125732421875,423.10302734375,166.57546997070312,168.35487365722656,178.8800048828125,525.33642578125,221.10000610351562,127.2186508178711,138.02149963378906,20.989999771118164,260.7219543457031,562.25,49.193077087402344,156.39999389648438,193.20994567871094
2024-08-21,225.90280151367188,422.4456787109375,165.2502899169922,167.0296173095703,180.11000061035156,533.744140625,223.27000427246094,128.46835327148438,139.04298400878906,21.40999984741211,259.97515869140625,565.7899780273438,49.39869689941406,157.80999755859375,194.3729705810547
2024-08-22,224.03692626953125,413.8899841308594,163.20770263671875,164.8972930908203,176.1300048828125,530.522705078125,210.66000366210938,123.70950317382812,136.94049072265625,20.100000381469727,257.48583984375,557.4400024414062,49.17348861694336,151.6999969482422,193.14096069335938
2024-08-23,226.3418426513672,415.1250305175781,165.0211181640625,166.830322265625,177.0399932861328,526.6031494140625,220.32000732421875,129.33811950683594,138.0413360595703,20.540000915527344,262.87274169921875,558.2999877929688,49.682655334472656,154.97999572753906,193.27894592285156
2024-08-26,226.68109130859375,411.83819580078125,165.5591583251953,167.3285369873047,175.5,519.7413330078125,213.2100067138672,126.42884063720703,137.75372314453125,20.1299991607666,264.1472473144531,559.4400024414062,49.73160934448242,149.99000549316406,195.13189697265625
2024-08-27,227.5292205810547,412.1867980957031,164.0845184326172,165.78411865234375,173.1199951171875,517.7266235351562,209.2100067138672,128.26840209960938,137.33718872070312,20.06999969482422,263.0718994140625,567.8200073242188,49.65327835083008,150.5,195.87109375
2024-08-28,225.99261474609375,408.95977783203125,162.26113891601562,163.91082763671875,170.8000030517578,515.412841796875,205.75,125.57905578613281,136.7421417236328,19.610000610351562,257.79449462890625,560.5399780273438,48.811195373535156,146.36000061035156,195.60499572753906
2024-08-29,229.28536987304688,411.4696960449219,161.19500732421875,162.8147735595703,172.1199951171875,516.8489990234375,206.27999877929688,117.56102752685547,138.26943969726562,20.1299991607666,255.91259765625,569.6300048828125,49.339942932128906,145.49000549316406,196.0386505126953
2024-08-30,228.49710083007812,415.4736328125,162.7892303466797,164.51864624023438,178.5,519.9307861328125,214.11000061035156,119.34059143066406,140.12399291992188,22.040000915527344,251.82012939453125,574.4099731445312,49.486820220947266,148.55999755859375,199.22219848632812
2024-09-03,222.28077697753906,407.80438232421875,156.79100036621094,158.04193115234375,176.25,510.4060974121094,210.60000610351562,107.973388671875,138.34877014160156,20.100000381469727,247.00079345703125,571.0399780273438,49.016822814941406,136.94000244140625,198.38442993164062
2024-09-04,220.36500549316406,407.26654052734375,155.88427734375,157.2447967529297,173.3300018310547,511.3834533691406,219.41000366210938,106.18383026123047,139.5884552001953,19.43000030517578,246.62240600585938,575.25,48.66432189941406,140.8699951171875,201.1737060546875
2024-09-05,221.89163208007812,406.7585754394531,156.6714324951172,158.03196716308594,177.88999938964844,515.4926147460938,230.1699981689453,107.18358612060547,141.43312072753906,19.399999618530273,245.06907653808594,567.9299926757812,48.106204986572266,139.44000244140625,199.67556762695312
2024-09-06,220.3350830078125,400.0953063964844,150.374267578125,151.58514404296875,171.38999938964844,498.94647216796875,210.72999572753906,102.8046646118164,140.6396942138672,18.889999389648438,242.9282684326172,563.4099731445312,47.48933029174805,134.35000610351562,197.85218811035156
2024-09-09,220.42486572265625,404.0992431640625,148.368896484375,149.2005615234375,175.39999389648438,503.45452880859375,216.27000427246094,106.44377136230469,138.73556518554688,19.06999969482422,244.7106170654297,569.8800048828125,47.68516540527344,138.14999389648438,200.60206604003906
2024-09-10,219.6266326904297,412.5453796386719,148.31900024414062,149.66949462890625,179.5500030517578,503.45452880859375,226.1699981689453,108.0733642578125,154.603515625,18.979999542236328,245.10891723632812,574.47998046875,47.773292541503906,142.83999633789062,202.36630249023438
2024-09-11,222.1710205078125,421.3500671386719,150.8132781982422,151.80462646484375,184.52000427246094,510.4758605957031,228.1300048828125,116.8812026977539,155.88287353515625,19.639999389648438,248.50436401367188,580.3800048828125,48.08661651611328,149.86000061035156,206.8705596923828
2024-09-12,222.28077697753906,425.29425048828125,154.33517456054688,155.1869354248047,187.0,524.20947265625,229.80999755859375,119.12083435058594,160.04820251464844,19.360000610351562,252.28811645507812,586.5499877929688,48.576202392578125,150.77000427246094,208.56582641601562
2024-09-13,222.01138305664062,428.8699035644531,157.09881591796875,158.01051330566406,186.49000549316406,523.2320556640625,230.2899932861328,119.0808334350586,160.69285583496094,19.65999984741211,253.48301696777344,536.8699951171875,48.762237548828125,152.30999755859375,211.70005798339844
2024-09-16,215.84495544433594,429.6169128417969,157.6974334716797,158.62911987304688,184.88999938964844,532.3765869140625,226.77999877929688,116.7612075805664,168.9243621826172,20.90999984741211,255.81301879882812,521.5,49.966609954833984,152.0800018310547,214.03598022460938
2024-09-17,216.31390380859375,433.41168212890625,158.95455932617188,159.9161834716797,186.8800048828125,535.4114379882812,227.8699951171875,115.57140350341797,166.08795166015625,21.469999313354492,254.100341796875,515.030029296875,49.555362701416016,150.82000732421875,211.04957580566406
2024-09-18,220.20535278320312,429.0890197753906,159.44342041015625,160.44497680664062,186.42999267578125,537.0386352539062,227.1999969482422,113.35176086425781,163.17221069335938,20.770000457763672,251.74673461914062,508.1300048828125,49.51619338989258,148.2899932861328,211.84791564941406
2024-09-19,228.3673858642578,436.93756103515625,161.76808166503906,162.86947631835938,189.8699951171875,558.1527709960938,243.9199981689453,117.85103607177734,166.2069549560547,21.139999389648438,265.27001953125,526.4400024414062,50.36806869506836,156.74000549316406,210.81301879882812
2024-09-20,227.6988525390625,433.53118896484375,163.21475219726562,164.2662811279297,191.60000610351562,560.39892578125,238.25,115.98133850097656,166.61358642578125,21.84000015258789,266.0778503417969,522.2999877929688,50.887020111083984,155.9499969482422,214.56820678710938
2024-09-23,225.97265625,431.77825927734375,161.47874450683594,162.69985961914062,193.8800048828125,563.4537963867188,250.0,116.24130249023438,164.5804901123047,22.559999465942383,263.4948425292969,527.8699951171875,51.10243606567383,156.75,217.3279266357422
2024-09-24,226.8706817626953,427.4555969238281,161.917724609375,163.2685546875,193.9600067138672,562.3756713867188,254.27000427246094,120.85055541992188,164.43173217773438,22.809999465942383,269.7080078125,524.0700073242188,51.42556381225586,158.32000732421875,217.79116821289062
2024-09-25,225.8728790283203,430.3838195800781,161.11956787109375,162.6200408935547,192.52999877929688,567.34716796875,257.0199890136719,123.4901351928711,164.90777587890625,23.540000915527344,273.3481140136719,517.9000244140625,51.552852630615234,162.02000427246094,218.04742431640625
2024-09-26,227.02035522460938,429.5870361328125,162.35671997070312,163.4581298828125,191.16000366210938,566.8780517578125,254.22000122070312,124.02005004882812,166.71275329589844,23.920000076293945,275.01361083984375,515.3800048828125,51.748680114746094,167.49000549316406,220.2157745361328
2024-09-27,227.2897491455078,426.3101501464844,163.5739288330078,164.91481018066406,187.97000122070312,566.3988037109375,260.4599914550781,121.38047790527344,167.34747314453125,23.90999984741211,275.8912353515625,515.47998046875,51.91514205932617,164.35000610351562,217.6630401611328
2024-09-30,232.4883270263672,428.5810546875,165.46957397460938,166.8105010986328,186.3300018310547,571.47021484375,261.6300048828125,121.42046356201172,168.99375915527344,23.459999084472656,272.9691467285156,517.780029296875,52.1109733581543,164.0800018310547,217.8995819091797
2024-10-01,225.71324157714844,419.00946044921875,166.60696411132812,168.03770446777344,185.1300048828125,575.4933471679688,258.0199890136719,116.9811782836914,165.780517578125,22.690000534057617,270.1368408203125,502.79998779296875,51.6409797668457,159.75,216.19448852539062
2024-10-02,226.281982421875,415.4636535644531,165.47955322265625,166.9302215576172,184.75999450683594,571.839599609375,249.02000427246094,118.83087921142578,166.3259735107422,22.389999389648438,278.7235412597656,505.80999755859375,51.917236328125,159.77999877929688,216.56900024414062
2024-10-03,225.17440795898438,414.87603759765625,165.47955322265625,166.83045959472656,181.9600067138672,581.78271484375,240.66000366210938,122.83023834228516,165.4829864501953,22.260000228881836,280.149658203125,503.79998779296875,51.729774475097656,162.85000610351562,219.51600646972656
2024-10-04,226.30194091796875,414.39794921875,166.67678833007812,168.17738342285156,186.50999450683594,594.930419921875,250.0800018310547,124.89990234375,169.44998168945312,22.59000015258789,286.9711608886719,507.2200012207031,52.045501708984375,170.89999389648438,222.74880981445312
2024-10-07,221.20315551757812,407.90399169921875,162.6061553955078,164.016845703125,180.8000030517578,583.789306640625,240.8300018310547,127.69945526123047,168.56732177734375,22.3799991607666,283.79974365234375,487.29998779296875,51.8087043762207,170.97000122070312,223.85269165039062
2024-10-08,225.27420043945312,413.0533447265625,164.00294494628906,165.32386779785156,182.72000122070312,591.8855590820312,244.5,132.86862182617188,172.93099975585938,23.31999969482422,290.7807922363281,496.239990234375,52.0257682800293,172.8000030517578,225.33111572265625
2024-10-09,229.03591918945312,415.7923278808594,161.4887237548828,162.6898651123047,185.1699981689453,589.5095825195312,241.0500030517578,132.628662109375,176.8186492919922,23.459999084472656,287.14068603515625,494.0799865722656,52.84468460083008,171.02000427246094,230.9293975830078
2024-10-10,228.53701782226562,414.1788330078125,161.70822143554688,162.80958557128906,186.64999389648438,582.8408813476562,238.77000427246094,134.78831481933594,174.35360717773438,23.219999313354492,289.38458251953125,503.57000732421875,52.824951171875,164.17999267578125,229.66781616210938
2024-10-11,227.05029296875,414.6568908691406,162.8655548095703,164.1465606689453,188.82000732421875,588.9505615234375,217.8000030517578,134.7783203125,174.71142578125,23.559999465942383,287.3202209472656,495.4200134277344,53.52546691894531,167.88999938964844,229.90435791015625
2024-10-14,230.79205322265625,417.4656677246094,164.5816192626953,165.972412109375,187.5399932861328,589.419677734375,219.16000366210938,138.0478057861328,175.05931091308594,23.440000534057617,290.85064697265625,509.6499938964844,53.54520034790039,165.27000427246094,231.87557983398438
2024-10-15,233.33645629882812,417.0672302246094,165.08047485351562,166.52114868164062,187.69000244140625,585.2767944335938,219.57000732421875,131.57884216308594,173.04153442382812,22.65999984741211,287.56951904296875,508.0299987792969,53.35773849487305,156.63999938964844,229.6086883544922
2024-10-16,231.27099609375,414.45770263671875,164.78114318847656,166.3615264892578,186.88999938964844,575.8128051757812,221.3300018310547,135.6981658935547,173.7174530029297,22.309999465942383,290.0727233886719,502.5400085449219,55.62702178955078,156.1300048828125,230.3084716796875
2024-10-17,231.6401824951172,415.0552978515625,162.55625915527344,164.13656616210938,187.52999877929688,575.95263671875,220.88999938964844,136.90797424316406,174.6219482421875,22.440000534057617,290.322021484375,496.8299865722656,55.64675521850586,156.25,229.5298309326172
2024-10-18,234.48391723632812,416.48956298828125,163.04515075683594,164.67535400390625,188.99000549316406,575.4933471679688,220.6999969482422,137.97779846191406,173.637939453125,22.770000457763672,292.1470947265625,494.8999938964844,56.0019416809082,155.97000122070312,228.85960388183594
2024-10-21,235.96067810058594,417.1070861816406,163.69366455078125,165.4236602783203,189.07000732421875,574.185546875,218.85000610351562,143.6868896484375,172.71353149414062,22.84000015258789,290.5015869140625,497.7099914550781,55.8342170715332,157.89999389648438,228.4160919189453
2024-10-22,235.342041015625,425.8022155761719,164.76119995117188,166.44134521484375,189.6999969482422,581.0240478515625,217.97000122070312,143.56690979003906,174.2541961669922,22.399999618530273,287.549560546875,493.1099853515625,55.844078063964844,154.08999633789062,228.90890502929688
2024-10-23,230.25323486328125,422.9038391113281,162.4066162109375,164.1066436767578,184.7100067138672,562.7349853515625,213.64999389648438,139.5375518798828,172.05751037597656,21.979999542236328,283.6601257324219,485.0299987792969,55.52835464477539,152.91000366210938,229.40170288085938
2024-10-24,230.0636749267578,423.0333251953125,162.34674072265625,164.1565399169922,186.3800048828125,566.818115234375,260.4800109863281,140.38742065429688,173.32980346679688,22.34000015258789,285.9838562011719,482.8699951171875,55.21263122558594,153.44000244140625,215.248291015625
2024-10-25,230.9018096923828,426.43963623046875,164.89089965820312,166.61094665527344,187.8300018310547,572.27880859375,269.19000244140625,141.51722717285156,172.47499084472656,22.68000030517578,289.673828125,483.7200012207031,54.99557113647461,156.22999572753906,211.58180236816406
2024-10-28,232.88743591308594,424.8858642578125,166.3375701904297,167.9578857421875,188.38999938964844,577.1804809570312,262.510009765625,140.4973907470703,171.381591796875,22.920000076293945,292.9748229980469,481.0400085449219,54.541709899902344,159.9199981689453,209.8471221923828
2024-10-29,233.15684509277344,430.2244873046875,169.29078674316406,170.7515411376953,190.8300018310547,592.2749633789062,259.5199890136719,141.22727966308594,172.38551330566406,22.899999618530273,298.08099365234375,485.3900146484375,54.936370849609375,166.25,207.4027862548828
2024-10-30,229.5946807861328,430.8021545410156,174.059814453125,175.7401885986328,192.72999572753906,590.79736328125,257.54998779296875,139.3175811767578,173.50869750976562,22.299999237060547,295.59771728515625,486.67999267578125,54.847572326660156,148.60000610351562,201.9523468017578
2024-10-31,225.4138946533203,404.72674560546875,170.71751403808594,172.2980194091797,186.39999389648438,566.6184692382812,249.85000610351562,132.7386474609375,166.8291778564453,21.520000457763672,290.58135986328125,478.0799865722656,54.03852462768555,144.07000732421875,203.7461700439453
2024-11-01,222.42047119140625,408.7306823730469,170.89707946777344,172.2581024169922,197.92999267578125,566.1991577148438,248.97999572753906,135.3782196044922,168.99606323242188,23.200000762939453,293.92230224609375,482.79998779296875,54.75877380371094,141.86000061035156,205.25416564941406
2024-11-04,221.52244567871094,406.82830810546875,168.851806640625,170.29257202148438,195.77999877929688,559.7301025390625,242.83999633789062,136.0281219482422,168.56863403320312,22.520000457763672,297.203369140625,481.3500061035156,55.08436584472656,140.7100067138672,203.3519287109375
2024-11-05,222.95928955078125,409.8163146972656,169.35064697265625,171.02093505859375,199.5,571.460205078125,251.44000244140625,139.8874969482422,170.74545288085938,23.31999969482422,296.68475341796875,486.4200134277344,55.40995788574219,141.66000366210938,204.5839385986328
2024-11-06,222.23089599609375,418.50146484375,176.10511779785156,177.92520141601562,207.08999633789062,571.0808715820312,288.5299987792969,145.58656311035156,180.1484832763672,25.049999237060547,306.0693054199219,504.8299865722656,57.09711837768555,145.10000610351562,210.52719116210938
2024-11-07,226.98043823242188,423.7304992675781,180.33538818359375,181.86624145507812,210.0500030517578,590.6976318359375,296.9100036621094,148.85606384277344,185.24758911132812,26.229999542236328,309.9388122558594,500.9200134277344,57.304317474365234,149.82000732421875,210.61590576171875
2024-11-08,226.7107391357422,420.85205078125,177.94090270996094,179.4517364501953,208.17999267578125,588.3416137695312,321.2200012207031,147.6062469482422,188.11024475097656,26.200000762939453,321.0785827636719,494.67999267578125,57.284584045410156,147.9499969482422,210.64547729492188
2024-11-11,223.98373413085938,416.34014892578125,179.93630981445312,181.55694580078125,206.83999633789062,582.1820068359375,350.0,145.23663330078125,187.990966796875,25.049999237060547,340.8050537109375,504.4800109863281,57.84697341918945,147.35000610351562,210.4976348876953
2024-11-12,223.98373413085938,421.340087890625,181.20339965820312,182.9038848876953,208.91000366210938,583.8292236328125,328.489990234375,148.26612854003906,188.43826293945312,24.15999984741211,340.22662353515625,526.4199829101562,57.9259033203125,143.6300048828125,209.46450805664062
2024-11-13,224.8727569580078,423.5014343261719,178.4696807861328,180.08030700683594,214.10000610351562,579.0173950195312,330.239990234375,146.2464599609375,188.4879608154297,24.920000076293945,340.7950439453125,532.5,58.389625549316406,139.3000030517578,209.52410888671875
2024-11-14,227.9693603515625,425.1846923828125,175.17726135253906,176.94744873046875,211.47999572753906,576.1821899414062,311.17999267578125,146.7363739013672,185.92349243164062,25.030000686645508,330.7523193359375,529.8699951171875,57.14645004272461,138.83999633789062,207.6068878173828
2024-11-15,224.7528839111328,413.3421936035156,172.09434509277344,173.49530029296875,202.61000061035156,553.1412963867188,320.7200012207031,141.9571533203125,182.6334228515625,24.350000381469727,324.379638671875,503.3699951171875,56.69259262084961,134.89999389648438,203.63336181640625
2024-11-18,227.7695770263672,414.0991516113281,174.8979034423828,176.39869689941406,201.6999969482422,553.4608154296875,338.739990234375,140.12744140625,184.6114501953125,24.84000015258789,321.37774658203125,499.510009765625,56.54460144042969,138.92999267578125,206.7128448486328
2024-11-19,228.02928161621094,416.12103271484375,177.71141052246094,179.17237854003906,204.61000061035156,560.1394653320312,346.0,146.98634338378906,187.76234436035156,24.200000762939453,322.5545654296875,499.6099853515625,56.24860382080078,139.38999938964844,208.85855102539062
2024-11-20,228.7484893798828,413.8302001953125,175.5763397216797,176.92747497558594,202.8800048828125,564.5619506835938,342.0299987792969,145.8665313720703,189.60121154785156,24.010000228881836,324.8184509277344,499.5,56.73206329345703,137.60000610351562,213.1797637939453
2024-11-21,228.26902770996094,412.0437927246094,167.2454833984375,168.85585021972656,198.3800048828125,562.1360473632812,339.6400146484375,146.6464080810547,191.27108764648438,24.440000534057617,334.87115478515625,504.44000244140625,56.791263580322266,137.49000549316406,220.92813110351562
2024-11-22,229.61753845214844,416.16552734375,164.38206481933594,166.19192504882812,197.1199951171875,558.1928100585938,352.55999755859375,141.92715454101562,191.13192749023438,24.5,341.09423828125,512.1500244140625,57.76803970336914,138.35000610351562,221.49436950683594
2024-11-25,232.61424255371094,417.95196533203125,167.26544189453125,169.04539489746094,201.4499969482422,564.1526489257812,338.5899963378906,135.9981231689453,186.8578338623047,24.8700008392334,338.192138671875,518.72998046875,57.955501556396484,141.1300048828125,224.63345336914062
2024-11-26,234.8018341064453,427.133544921875,168.73207092285156,170.23269653320312,207.86000061035156,572.5682983398438,338.2300109863281,136.89797973632812,189.22349548339844,24.049999237060547,342.2510986328125,525.2999877929688,58.79414749145508,137.72000122070312,227.31558227539062
2024-11-27,234.67198181152344,422.1435546875,168.84181213378906,170.43226623535156,205.74000549316406,568.2357177734375,332.8900146484375,135.31822204589844,181.5996856689453,23.649999618530273,329.11676025390625,513.6799926757812,58.4981575012207,136.24000549316406,225.41822814941406
2024-11-29,237.06935119628906,422.61260986328125,168.5624542236328,170.10301208496094,207.88999938964844,573.3470458984375,345.1600036621094,138.22776794433594,183.726806640625,24.049999237060547,329.0968017578125,515.9299926757812,58.419227600097656,137.17999267578125,225.9049835205078
2024-12-02,239.3268585205078,430.1175842285156,171.0966339111328,172.58734130859375,210.7100067138672,591.82568359375,357.0899963378906,138.60769653320312,180.31747436523438,23.93000030517578,330.11407470703125,516.2000122070312,58.636287689208984,142.05999755859375,225.88511657714844
2024-12-03,242.3834991455078,430.3371276855469,170.9469757080078,172.62725830078125,213.44000244140625,612.6104125976562,351.4200134277344,140.23744201660156,181.78854370117188,22.469999313354492,330.53289794921875,516.260009765625,58.68561935424805,141.97999572753906,227.48446655273438
2024-12-04,242.74310302734375,436.544677734375,173.9700164794922,175.69029235839844,218.16000366210938,612.7401733398438,357.92999267578125,145.1166534423828,187.05662536621094,21.959999084472656,366.874267578125,536.489990234375,58.82374954223633,143.99000549316406,231.9447479248047
2024-12-05,242.7730712890625,441.7342529296875,172.24400329589844,173.91432189941406,220.5500030517578,607.8983764648438,369.489990234375,145.04666137695312,185.11837768554688,20.799999237060547,360.40185546875,538.219970703125,59.218406677246094,141.36000061035156,233.1964111328125
2024-12-06,242.5732879638672,442.682373046875,174.30926513671875,176.0894012451172,227.02999877929688,622.7132568359375,389.2200012207031,142.42689514160156,190.53555297851562,20.920000076293945,361.0101623535156,552.9600219726562,59.09014129638672,138.58999633789062,236.46463012695312
2024-12-09,246.47900390625,445.12744140625,175.1682586669922,176.89846801757812,226.08999633789062,612.530517578125,389.7900085449219,138.79722595214844,189.30300903320312,20.809999465942383,350.618408203125,547.9299926757812,58.162696838378906,130.8699951171875,228.47784423828125
2024-12-10,247.4978790283203,442.4428405761719,184.9569854736328,186.31773376464844,225.0399932861328,618.2708129882812,400.989990234375,135.05758666992188,176.6695556640625,20.15999984741211,347.8758544921875,547.0499877929688,57.93577194213867,127.73999786376953,230.18646240234375
2024-12-11,246.2192840576172,448.0915222167969,195.1752166748047,196.4861602783203,230.25999450683594,631.6080932617188,424.7699890136719,139.29718017578125,177.50450134277344,20.1200008392334,353.8895263671875,549.9299926757812,57.8075065612793,130.14999389648438,228.5970458984375
2024-12-12,247.68768310546875,448.6603698730469,191.7391815185547,193.40965270996094,228.97000122070312,629.7213134765625,418.1000061035156,137.32736206054688,174.26414489746094,20.780000686645508,357.0609130859375,474.6300048828125,58.064029693603516,130.60000610351562,230.72288513183594
2024-12-13,247.85748291015625,446.37493896484375,189.6016387939453,191.16221618652344,227.4600067138672,619.2990112304688,436.2300109863281,134.23765563964844,172.3457489013672,20.34000015258789,353.3509826660156,465.69000244140625,57.837100982666016,126.91000366210938,229.29241943359375
2024-12-16,250.7642822265625,450.6863098144531,196.43377685546875,197.93450927734375,232.92999267578125,623.6851196289062,463.0199890136719,131.98785400390625,170.19876098632812,20.829999923706055,356.2630920410156,461.5299987792969,57.570709228515625,126.69000244140625,227.81227111816406
2024-12-17,253.20159912109375,453.5505676269531,195.1951904296875,196.8956756591797,231.14999389648438,618.889404296875,479.8599853515625,130.3780059814453,168.68792724609375,20.440000534057617,350.02001953125,455.2300109863281,57.738441467285156,125.0199966430664,227.4546661376953
2024-12-18,247.77757263183594,436.5147399902344,188.18325805664062,189.93360900878906,220.52000427246094,596.6591796875,440.1300048828125,128.8981475830078,164.41383361816406,19.299999237060547,336.7009582519531,441.30999755859375,56.761661529541016,121.41000366210938,218.712890625
2024-12-19,249.51565551757812,436.15545654296875,188.2931365966797,189.484130859375,223.2899932861328,595.0405883789062,436.1700134277344,130.66796875,167.77346801757812,19.059999465942383,335.7025451660156,437.3900146484375,56.860328674316406,118.87999725341797,222.43807983398438
2024-12-20,254.21051025390625,435.726318359375,191.18980407714844,192.74041748046875,224.9199981689453,584.7297973632812,421.05999755859375,134.68760681152344,168.6382293701172,19.520000457763672,343.1108703613281,447.1700134277344,57.738441467285156,119.20999908447266,221.8817901611328
2024-12-23,254.98965454101562,434.3790283203125,194.40611267089844,195.7669677734375,225.05999755859375,599.3167724609375,430.6000061035156,139.6571502685547,168.12135314941406,20.200000762939453,342.362060546875,446.739990234375,58.192298889160156,124.5999984741211,220.46124267578125
2024-12-24,257.91644287109375,438.4508361816406,195.8843994140625,197.34518432617188,229.0500030517578,607.2097778320312,462.2799987792969,140.2071075439453,170.37770080566406,20.399999618530273,343.8896484375,447.94000244140625,59.05067443847656,126.29000091552734,222.92483520507812
2024-12-26,258.7355041503906,437.2332763671875,195.375,196.87571716308594,227.0500030517578,602.8136596679688,454.1300048828125,139.91712951660156,170.6460418701172,20.440000534057617,341.18389892578125,450.1600036621094,59.17893981933594,125.05999755859375,223.4016571044922
2024-12-27,255.30929565429688,429.66845703125,192.5382537841797,193.81918334960938,223.75,599.27685546875,431.6600036621094,136.9973907470703,167.94244384765625,20.299999237060547,337.9190673828125,446.4800109863281,58.81388473510742,125.19000244140625,221.3056182861328
2024-12-30,251.9230194091797,423.9798583984375,191.02000427246094,192.47073364257812,221.3000030517578,590.7144165039062,417.4100036621094,137.47735595703125,165.90480041503906,19.81999969482422,335.2132873535156,445.79998779296875,58.39949035644531,122.44000244140625,218.79237365722656
2024-12-31,250.1449737548828,420.6565246582031,189.08224487304688,190.22328186035156,219.38999938964844,584.9895629882812,403.8399963378906,134.27764892578125,165.63641357421875,20.049999237060547,333.80548095703125,444.67999267578125,58.409358978271484,120.79000091552734,218.37515258789062
2025-01-02,243.5821990966797,417.74237060546875,189.2120819091797,190.41307067871094,220.22000122070312,598.7073364257812,379.2799987792969,138.29727172851562,165.0300750732422,20.219999313354492,330.1412658691406,441.0,58.310691833496094,120.62999725341797,218.4844207763672
2025-01-03,243.0927276611328,422.5028381347656,191.56936645507812,192.9102325439453,224.19000244140625,604.092529296875,410.44000244140625,144.4567108154297,165.31834411621094,20.559999465942383,332.37774658203125,430.57000732421875,58.46963119506836,125.37000274658203,221.17648315429688
2025-01-06,244.73092651367188,426.99383544921875,196.64352416992188,197.7347412109375,227.61000061035156,629.6398315429688,411.04998779296875,149.41624450683594,164.692138671875,19.8700008392334,330.011474609375,431.17999267578125,58.38022994995117,129.5500030517578,221.19635009765625
2025-01-07,241.94400024414062,421.5247802734375,195.26512145996094,196.4861602783203,222.11000061035156,617.3407592773438,394.3599853515625,140.12710571289062,161.05416870117188,20.010000228881836,324.4202575683594,422.6300048828125,58.53916931152344,127.33000183105469,222.47781372070312
2025-01-08,242.43344116210938,423.7104187011719,193.7268829345703,195.1676483154297,222.1300048828125,610.1771240234375,394.94000244140625,140.0971221923828,162.15748596191406,19.8799991607666,326.38714599609375,419.5799865722656,58.807376861572266,121.83999633789062,221.70297241210938
2025-01-10,236.58987426757812,418.11163330078125,191.81907653808594,192.95018005371094,218.94000244140625,615.3125610351562,394.739990234375,135.8975067138672,153.94699096679688,19.149999618530273,317.35137939453125,405.9200134277344,58.35042953491211,116.04000091552734,218.29566955566406
2025-01-13,234.14256286621094,416.35516357421875,190.79026794433594,192.0711669921875,218.4600067138672,607.789306640625,403.30999755859375,133.21774291992188,153.3690643310547,19.200000762939453,318.5694580078125,408.5,58.37029266357422,117.31999969482422,215.9612274169922
2025-01-14,233.02378845214844,414.8382263183594,189.4418182373047,190.8325958251953,217.75999450683594,593.7218017578125,396.3599853515625,131.7478790283203,155.75050354003906,19.200000762939453,323.0324401855469,412.7099914550781,58.93651580810547,116.08999633789062,216.3089141845703
2025-01-15,237.60874938964844,425.4569091796875,195.32504272460938,196.75584411621094,223.35000610351562,616.5714721679688,428.2200012207031,136.22747802734375,157.74334716796875,19.719999313354492,320.6561584472656,417.2799987792969,59.58220291137695,119.95999908447266,218.57382202148438
2025-01-16,228.00930786132812,423.7303466796875,192.68807983398438,194.1887664794922,220.66000366210938,610.756591796875,413.82000732421875,133.55772399902344,158.96893310546875,19.670000076293945,319.49798583984375,426.92999267578125,59.42326354980469,118.44000244140625,221.18641662597656
2025-01-17,229.7274169921875,428.1714782714844,195.77452087402344,197.3251953125,225.94000244140625,612.225341796875,426.5,137.6973419189453,160.45361328125,21.489999771118164,324.05084228515625,429.989990234375,59.830543518066406,121.45999908447266,223.30230712890625
2025-01-21,222.39547729492188,427.64251708984375,197.82217407226562,199.40283203125,230.7100067138672,615.9120483398438,424.07000732421875,140.81704711914062,171.9523162841797,21.770000457763672,326.3272399902344,436.3599853515625,60.625240325927734,122.27999877929688,222.77581787109375
2025-01-22,223.58416748046875,445.30712890625,198.1417999267578,199.8023681640625,235.00999450683594,622.94580078125,415.1099853515625,147.05648803710938,183.56060791015625,21.860000610351562,332.0981750488281,437.32000732421875,61.22126007080078,123.75,221.78244018554688
2025-01-23,223.41436767578125,445.8160705566406,197.7522430419922,199.35289001464844,235.4199981689453,635.88427734375,412.3800048828125,147.2064666748047,185.80255126953125,21.56999969482422,334.1349792480469,437.2799987792969,61.81727981567383,123.04000091552734,224.54403686523438
2025-01-24,222.5353240966797,443.17138671875,199.9796905517578,201.6702423095703,234.85000610351562,646.9144287109375,406.5799865722656,142.60687255859375,182.9428253173828,20.829999923706055,333.356201171875,435.3800048828125,61.81727981567383,122.83999633789062,223.312255859375
2025-01-27,229.6075439453125,433.6903991699219,191.58934020996094,193.54949951171875,235.4199981689453,659.29345703125,397.1499938964844,118.40910339355469,157.7134552001953,20.290000915527344,346.55548095703125,438.6000061035156,58.688175201416016,115.01000213623047,222.64669799804688
2025-01-28,237.99832153320312,446.30511474609375,195.07533264160156,196.8457489013672,238.14999389648438,673.7305908203125,398.0899963378906,128.9781494140625,163.41297912597656,19.799999237060547,359.38531494140625,442.8399963378906,59.035850524902344,114.16999816894531,224.16656494140625
2025-01-29,239.0971221923828,441.44482421875,195.18521118164062,196.9556121826172,237.07000732421875,675.888671875,389.1000061035156,123.6886215209961,161.44007873535156,19.75,353.44464111328125,441.67999267578125,59.15505599975586,117.3499984741211,227.11691284179688
2025-01-30,237.3290557861328,414.1595458984375,200.638916015625,202.3994140625,234.63999938964844,686.3893432617188,400.2799987792969,124.63853454589844,169.77015686035156,20.010000228881836,343.031005859375,446.0,60.06895446777344,118.86000061035156,256.56072998046875
2025-01-31,235.74081420898438,414.22943115234375,203.78530883789062,205.3660430908203,237.67999267578125,688.5673828125,404.6000061035156,120.0589599609375,169.4512939453125,19.43000030517578,341.1639404296875,437.45001220703125,60.198089599609375,115.94999694824219,254.00775146484375
2025-02-03,227.75958251953125,410.09771728515625,200.99850463867188,202.40939331054688,237.4199981689453,696.840087890625,383.67999267578125,116.64927673339844,167.99652099609375,19.3799991607666,338.7077941894531,438.6000061035156,60.63517379760742,114.2699966430664,259.0044860839844
2025-02-04,232.54432678222656,411.5447998046875,206.14259338378906,207.4736328125,242.05999755859375,703.5640869140625,392.2099914550781,118.63909149169922,167.2890625,19.290000915527344,343.6001281738281,440.2300109863281,60.93318557739258,119.5,262.70977783203125
2025-02-05,232.21469116210938,412.4629821777344,191.1099090576172,193.0800323486328,236.1699981689453,704.2434692382812,378.1700134277344,124.81851959228516,171.04556274414062,19.649999618530273,347.3841552734375,437.6300048828125,62.155025482177734,112.01000213623047,261.55743408203125
2025-02-06,232.9638671875,414.9879150390625,191.3795928955078,193.0900115966797,238.8300018310547,711.3571166992188,374.32000732421875,128.66815185546875,171.73309326171875,19.3799991607666,330.291015625,435.3999938964844,61.857017517089844,110.16000366210938,251.76271057128906
2025-02-07,227.3800048828125,408.9300537109375,185.1267852783203,186.92703247070312,229.14999389648438,713.8848876953125,361.6199951171875,129.8280487060547,173.83554077148438,19.100000381469727,325.3188171386719,433.07000732421875,61.857017517089844,107.55999755859375,250.66998291015625
2025-02-10,227.64999389648438,411.3951110839844,186.2554931640625,187.98582458496094,233.13999938964844,716.7623291015625,350.7300109863281,133.55772399902344,178.27957153320312,19.770000457763672,326.68670654296875,451.1000061035156,62.393436431884766,110.4800033569336,249.27000427246094
2025-02-11,232.6199951171875,410.6166687011719,185.10682678222656,186.8571319580078,232.75999450683594,719.16015625,328.5,132.7877960205078,176.55577087402344,20.969999313354492,323.8910827636719,458.82000732421875,62.01595687866211,111.0999984741211,254.6999969482422
2025-02-12,236.8699951171875,408.2214660644531,183.39878845214844,185.21897888183594,228.92999267578125,724.7352294921875,336.510009765625,131.12794494628906,171.6035614013672,22.479999542236328,325.6083679199219,462.760009765625,62.115291595458984,111.72000122070312,255.80999755859375
2025-02-13,241.52999877929688,409.7184753417969,185.92587280273438,187.66619873046875,230.3699951171875,727.9124145507812,355.94000244140625,135.27755737304688,173.23768615722656,24.1299991607666,329.3325500488281,459.2200012207031,63.416603088378906,111.80999755859375,259.19000244140625
2025-02-14,244.60000610351562,407.6126708984375,185.01690673828125,186.6573486328125,228.67999267578125,736.0151977539062,355.8399963378906,138.8372344970703,173.53662109375,23.600000381469727,326.0277404785156,460.1600036621094,64.43977355957031,113.0999984741211,261.2799987792969
2025-02-18,244.47000122070312,408.8202819824219,183.55859375,185.58856201171875,226.64999389648438,715.7332153320312,354.1099853515625,139.38717651367188,179.15643310546875,27.389999389648438,328.44390869140625,464.1099853515625,64.16162872314453,114.27999877929688,263.07000732421875
2025-02-19,244.8699951171875,413.94000244140625,185.05686950683594,186.91705322265625,226.6300048828125,703.1444702148438,360.55999755859375,139.21719360351562,180.87026977539062,25.719999313354492,324.0208740234375,456.989990234375,64.40996551513672,114.69000244140625,264.32000732421875
2025-02-20,245.8300018310547,416.1300048828125,184.34768676757812,186.4276123046875,222.8800048828125,694.222412109375,354.3999938964844,140.0971221923828,175.37002563476562,26.09000015258789,317.9304504394531,454.69000244140625,64.24109649658203,114.16999816894531,264.739990234375
2025-02-21,245.5500030517578,408.2099914550781,179.4533233642578,181.3733673095703,216.5800018310547,682.9423828125,337.79998779296875,134.41763305664062,167.20933532714844,24.8700008392334,309.31396484375,444.32000732421875,63.5556755065918,110.83999633789062,261.4800109863281
2025-02-24,247.10000610351562,404.0,179.04379272460938,180.9838104248047,212.7100067138672,667.5361328125,330.5299987792969,130.2680206298828,169.35165405273438,24.270000457763672,307.8363037109375,444.4200134277344,62.82058334350586,108.11000061035156,261.8699951171875
2025-02-25,247.0399932861328,397.8999938964844,175.21820068359375,177.16815185546875,212.8000030517578,656.9155883789062,302.79998779296875,126.61835479736328,167.9367218017578,22.989999771118164,305.400146484375,443.4100036621094,63.84375,103.95999908447266,257.75
2025-02-26,240.36000061035156,399.7300109863281,172.5312957763672,174.50119018554688,214.35000610351562,673.1011962890625,290.79998779296875,131.26792907714844,171.8526611328125,23.520000457763672,306.84783935546875,441.5,63.65501403808594,104.73999786376953,255.83999633789062
2025-02-27,237.3000030517578,392.5299987792969,168.30616760253906,170.0163116455078,208.74000549316406,657.6549072265625,281.95001220703125,120.13895416259766,164.17025756835938,23.09000015258789,294.4373474121094,437.19000244140625,63.386802673339844,99.51000213623047,253.22999572753906
2025-02-28,241.83999633789062,396.989990234375,170.0841064453125,172.02401733398438,212.27999877929688,667.6060791015625,292.9800109863281,124.90850830078125,165.46560668945312,23.729999542236328,297.38275146484375,438.55999755859375,63.684814453125,99.86000061035156,252.44000244140625
2025-03-03,238.02999877929688,388.489990234375,166.81787109375,168.46807861328125,205.02000427246094,654.4677124023438,284.6499938964844,114.04950714111328,161.44007873535156,22.739999771118164,292.6002502441406,440.7200012207031,63.058990478515625,98.2300033569336,250.19000244140625
2025-03-04,235.92999267578125,388.6099853515625,170.72337341308594,172.41357421875,203.8000030517578,639.4310913085938,272.0400085449219,115.97933197021484,156.90635681152344,21.329999923706055,286.88922119140625,446.0299987792969,62.840450286865234,100.75,253.2100067138672
2025-03-05,235.74000549316406,401.0199890136719,172.8209686279297,174.79087829589844,208.36000061035156,655.886474609375,279.1000061035156,117.28921508789062,160.98171997070312,20.809999465942383,291.511962890625,451.239990234375,63.53580856323242,101.66999816894531,251.35000610351562
2025-03-06,235.3300018310547,396.8900146484375,172.1517333984375,174.0117645263672,200.6999969482422,627.371826171875,263.45001220703125,110.55982971191406,150.3997344970703,20.75,285.6012268066406,444.7799987792969,62.98945617675781,98.8499984741211,248.69000244140625
2025-03-07,239.07000732421875,393.30999755859375,173.66000366210938,175.5500030517578,199.25,625.1038208007812,262.6700134277344,112.67964172363281,154.60462951660156,20.639999389648438,282.44622802734375,449.3999938964844,63.51593780517578,100.30999755859375,261.5400085449219
2025-03-10,227.47999572753906,380.1600036621094,165.8699951171875,167.80999755859375,194.5399932861328,597.4584350585938,222.14999389648438,106.97016143798828,148.25741577148438,19.93000030517578,272.47186279296875,435.0799865722656,61.64841079711914,96.62999725341797,256.8999938964844
2025-03-11,220.83999633789062,380.45001220703125,164.0399932861328,165.97999572753906,196.58999633789062,605.171630859375,230.5800018310547,108.75,143.66392517089844,19.780000686645508,276.6153564453125,433.6600036621094,60.26762390136719,96.76000213623047,248.9499969482422
2025-03-12,216.97999572753906,383.2699890136719,167.11000061035156,169.0,198.88999938964844,619.00927734375,248.08999633789062,115.73999786376953,150.34991455078125,20.68000030517578,284.133544921875,438.6000061035156,60.05902099609375,100.79000091552734,249.6300048828125
2025-03-13,209.67999267578125,378.7699890136719,162.75999450683594,164.72999572753906,193.88999938964844,590.114990234375,240.67999267578125,115.58000183105469,147.1314697265625,23.700000762939453,271.3136901855469,377.8399963378906,59.27425765991211,98.11000061035156,245.8000030517578
2025-03-14,213.49000549316406,388.55999755859375,165.49000549316406,167.6199951171875,197.9499969482422,607.5999755859375,249.97999572753906,121.66999816894531,148.7357177734375,24.049999237060547,278.961669921875,394.739990234375,60.0987548828125,100.97000122070312,248.35000610351562
2025-03-17,214.0,388.70001220703125,164.2899932861328,166.57000732421875,195.74000549316406,604.9000244140625,238.00999450683594,119.52999877929688,153.458740234375,25.690000534057617,280.3095703125,399.3399963378906,60.486167907714844,104.58999633789062,252.97000122070312
2025-03-18,212.69000244140625,383.5199890136719,160.6699981689453,162.6699981689453,192.82000732421875,582.3599853515625,225.30999755859375,115.43000030517578,148.91505432128906,25.920000076293945,278.2927551269531,391.3699951171875,59.900081634521484,103.51000213623047,246.9499969482422
2025-03-19,215.24000549316406,387.82000732421875,163.88999938964844,166.27999877929688,195.5399932861328,584.0599975585938,235.86000061035156,117.5199966430664,151.90432739257812,24.1200008392334,278.95172119140625,387.8900146484375,60.71464157104492,106.2300033569336,252.2899932861328
2025-03-20,214.10000610351562,386.8399963378906,162.8000030517578,165.0500030517578,194.9499969482422,586.0,236.25999450683594,118.52999877929688,152.17335510253906,23.959999084472656,278.5922546386719,389.6099853515625,60.21795654296875,107.13999938964844,243.32000732421875
2025-03-21,218.27000427246094,391.260009765625,163.99000549316406,166.25,196.2100067138672,596.25,248.7100067138672,117.69999694824219,151.6851043701172,24.260000228881836,280.17974853515625,387.260009765625,59.900081634521484,106.44000244140625,243.8699951171875
2025-03-24,220.72999572753906,393.0799865722656,167.67999267578125,169.92999267578125,203.25999450683594,618.8499755859375,278.3900146484375,121.41000366210938,154.31565856933594,24.219999313354492,285.5113830566406,394.4700012207031,60.56563949584961,113.8499984741211,248.4499969482422
2025-03-25,223.75,395.1600036621094,170.55999755859375,172.7899932861328,205.7100067138672,626.3099975585938,288.1400146484375,120.69000244140625,153.37901306152344,24.200000762939453,288.1572265625,403.6400146484375,60.585506439208984,114.80999755859375,249.89999389648438
2025-03-26,221.52999877929688,389.9700012207031,165.05999755859375,167.13999938964844,201.1300048828125,610.97998046875,272.05999755859375,113.76000213623047,147.27096557617188,23.420000076293945,280.5491638183594,397.80999755859375,61.390132904052734,110.19000244140625,250.33999633789062
2025-03-27,223.85000610351562,390.5799865722656,162.24000549316406,164.0800018310547,201.36000061035156,602.5800170898438,273.1300048828125,111.43000030517578,145.25819396972656,23.6200008392334,277.3741760253906,396.1499938964844,60.9927864074707,106.6500015258789,246.2100067138672
2025-03-28,217.89999389648438,378.79998779296875,154.3300018310547,156.05999755859375,192.72000122070312,576.739990234375,263.54998779296875,109.66999816894531,140.3657684326172,22.709999084472656,269.5464782714844,385.7099914550781,60.45636749267578,103.22000122070312,244.0
2025-03-31,222.1300048828125,375.3900146484375,154.63999938964844,156.22999572753906,190.25999450683594,576.3599853515625,259.1600036621094,108.37999725341797,139.3095703125,22.709999084472656,267.9389953613281,383.5299987792969,61.30072784423828,102.73999786376953,248.66000366210938
